{"v":"5.5.4","fr":60,"ip":0,"op":70,"w":150,"h":150,"nm":"Great","ddd":0,"assets":[],"layers":[{"ddd":0,"ind":1,"ty":3,"nm":"Null 4","sr":1,"ks":{"o":{"a":0,"k":0,"ix":11},"r":{"a":0,"k":0,"ix":10},"p":{"a":0,"k":[75,75,0],"ix":2},"a":{"a":0,"k":[0,0,0],"ix":1},"s":{"a":1,"k":[{"i":{"x":[0.667,0.667,0.667],"y":[1,1,1]},"o":{"x":[0.333,0.333,0.333],"y":[0,0,0]},"t":0,"s":[100,100,100]},{"i":{"x":[0.667,0.667,0.667],"y":[1,1,1]},"o":{"x":[0.333,0.333,0.333],"y":[0,0,0]},"t":13,"s":[120,120,100]},{"t":21,"s":[100,100,100]}],"ix":6}},"ao":0,"ip":0,"op":181,"st":0,"bm":0},{"ddd":0,"ind":2,"ty":3,"nm":"Null 3","parent":1,"sr":1,"ks":{"o":{"a":0,"k":0,"ix":11},"r":{"a":1,"k":[{"i":{"x":[0.667],"y":[1]},"o":{"x":[0.333],"y":[0]},"t":0,"s":[0]},{"i":{"x":[0.667],"y":[1]},"o":{"x":[0.333],"y":[0]},"t":13,"s":[-5]},{"i":{"x":[0.667],"y":[1]},"o":{"x":[0.333],"y":[0]},"t":21,"s":[3]},{"i":{"x":[0.667],"y":[1]},"o":{"x":[0.333],"y":[0]},"t":30,"s":[-3]},{"t":44,"s":[0]}],"ix":10},"p":{"a":1,"k":[{"i":{"x":0.667,"y":1},"o":{"x":0.333,"y":0},"t":0,"s":[0,0,0],"to":[-0.068,-0.796,0],"ti":[0,0,0]},{"i":{"x":0.667,"y":1},"o":{"x":0.333,"y":0},"t":4,"s":[-0.257,4.993,0],"to":[0,0,0],"ti":[3.562,1.062,0]},{"i":{"x":0.667,"y":1},"o":{"x":0.333,"y":0},"t":13,"s":[1.875,-16.688,0],"to":[-3.562,-1.062,0],"ti":[-0.562,-2.852,0]},{"i":{"x":0.667,"y":1},"o":{"x":0.333,"y":0},"t":21,"s":[-8,-1.625,0],"to":[0.562,2.852,0],"ti":[-6.625,1.8,0]},{"i":{"x":0.667,"y":1},"o":{"x":0.333,"y":0},"t":30,"s":[0.125,4.55,0],"to":[6.625,-1.8,0],"ti":[3.854,0.988,0]},{"i":{"x":0.667,"y":1},"o":{"x":0.333,"y":0},"t":38,"s":[0.562,-14.954,0],"to":[-3.854,-0.988,0],"ti":[0.094,-1.492,0]},{"t":44,"s":[0,0,0]}],"ix":2},"a":{"a":0,"k":[0,0,0],"ix":1},"s":{"a":0,"k":[100,100,100],"ix":6}},"ao":0,"ip":0,"op":181,"st":0,"bm":0},{"ddd":0,"ind":3,"ty":4,"nm":"Stroke 10","parent":2,"sr":1,"ks":{"o":{"a":0,"k":100,"ix":11},"r":{"a":0,"k":0,"ix":10},"p":{"a":1,"k":[{"i":{"x":0.667,"y":1},"o":{"x":0.333,"y":0},"t":6,"s":[1.5,22.5,0],"to":[0,-1.667,0],"ti":[0,0,0]},{"i":{"x":0.667,"y":1},"o":{"x":0.333,"y":0},"t":13,"s":[1.5,12.5,0],"to":[0,0,0],"ti":[0,-1.667,0]},{"i":{"x":0.667,"y":1},"o":{"x":0.333,"y":0},"t":21,"s":[1.5,22.5,0],"to":[0,1.667,0],"ti":[0,0,0]},{"i":{"x":0.667,"y":1},"o":{"x":0.333,"y":0},"t":30,"s":[1.5,22.5,0],"to":[0,0,0],"ti":[0,0,0]},{"i":{"x":0.667,"y":1},"o":{"x":0.333,"y":0},"t":37,"s":[1.5,10.5,0],"to":[0,0,0],"ti":[0,1.667,0]},{"t":44,"s":[1.5,22.5,0]}],"ix":2},"a":{"a":0,"k":[0,0,0],"ix":1},"s":{"a":0,"k":[100,100,100],"ix":6}},"ao":0,"shapes":[{"ty":"gr","it":[{"ind":0,"ty":"sh","ix":1,"ks":{"a":1,"k":[{"i":{"x":0.667,"y":1},"o":{"x":0.333,"y":0},"t":0,"s":[{"i":[[0,0],[5.94,0],[0,5.93]],"o":[[0,5.93],[-5.93,0],[0,0]],"v":[[10.738,-5.371],[-0.002,5.369],[-10.742,-5.371]],"c":false}]},{"i":{"x":0.667,"y":1},"o":{"x":0.333,"y":0},"t":9,"s":[{"i":[[0,0],[2.998,-0.111],[1.366,1.675]],"o":[[-1.336,2.098],[-3.654,0.135],[0,0]],"v":[[6.443,-0.552],[0.175,3.396],[-6.542,-0.057]],"c":false}]},{"i":{"x":0.667,"y":1},"o":{"x":0.333,"y":0},"t":21,"s":[{"i":[[0,0],[3.013,-0.269],[0.896,2.757]],"o":[[-2,4],[-2.988,0.267],[0,0]],"v":[[7.203,-1.764],[-1.188,3.704],[-8.11,-1.436]],"c":false}]},{"i":{"x":0.667,"y":1},"o":{"x":0.333,"y":0},"t":37,"s":[{"i":[[0,0],[2.998,-0.111],[1.366,1.675]],"o":[[-1.336,2.098],[-3.654,0.135],[0,0]],"v":[[6.443,-0.552],[0.175,3.396],[-6.542,-0.057]],"c":false}]},{"i":{"x":0.667,"y":1},"o":{"x":0.167,"y":0},"t":44,"s":[{"i":[[0,0],[7.502,0.048],[0.075,2.954]],"o":[[0.012,2.871],[-7.498,-0.048],[0,0]],"v":[[10.738,-5.371],[0.165,4.369],[-10.742,-5.371]],"c":false}]},{"t":49,"s":[{"i":[[0,0],[5.94,0],[0,5.93]],"o":[[0,5.93],[-5.93,0],[0,0]],"v":[[10.738,-5.371],[-0.002,5.369],[-10.742,-5.371]],"c":false}]}],"ix":2},"nm":"Path 1","mn":"ADBE Vector Shape - Group","hd":false},{"ty":"st","c":{"a":0,"k":[0.17492300272,0.183140993118,0.179031997919,1],"ix":3},"o":{"a":0,"k":100,"ix":4},"w":{"a":0,"k":2.5,"ix":5},"lc":2,"lj":2,"bm":0,"nm":"Stroke 1","mn":"ADBE Vector Graphic - Stroke","hd":false},{"ty":"tr","p":{"a":0,"k":[0,0],"ix":2},"a":{"a":0,"k":[0,0],"ix":1},"s":{"a":0,"k":[300,300],"ix":3},"r":{"a":0,"k":0,"ix":6},"o":{"a":0,"k":100,"ix":7},"sk":{"a":0,"k":0,"ix":4},"sa":{"a":0,"k":0,"ix":5},"nm":"Transform"}],"nm":"Stroke 9","np":2,"cix":2,"bm":0,"ix":1,"mn":"ADBE Vector Group","hd":false}],"ip":0,"op":3600,"st":0,"bm":0},{"ddd":0,"ind":4,"ty":4,"nm":"Fill 7","parent":2,"sr":1,"ks":{"o":{"a":0,"k":100,"ix":11},"r":{"a":0,"k":0,"ix":10},"p":{"a":0,"k":[15.233,-13.119,0],"ix":2},"a":{"a":0,"k":[0,0,0],"ix":1},"s":{"a":0,"k":[100,100,100],"ix":6}},"ao":0,"shapes":[{"ty":"gr","it":[{"ind":0,"ty":"sh","ix":1,"ks":{"a":1,"k":[{"i":{"x":0.667,"y":1},"o":{"x":0.333,"y":0},"t":0,"s":[{"i":[[1.07,0],[0,1.08],[-1.08,0],[0,-1.08]],"o":[[-1.08,0],[0,-1.08],[1.07,0],[0,1.08]],"v":[[0.001,1.951],[-1.949,0.001],[0.001,-1.949],[1.951,0.001]],"c":true}]},{"i":{"x":0.667,"y":1},"o":{"x":0.333,"y":0},"t":6,"s":[{"i":[[1.07,0],[0,1.08],[-1.08,0],[0,-1.08]],"o":[[-1.08,0],[0,-1.08],[1.07,0],[0,1.08]],"v":[[0.025,1.347],[-1.949,0.001],[-0.022,-1.436],[1.951,0.001]],"c":true}]},{"i":{"x":0.667,"y":1},"o":{"x":0.333,"y":0},"t":13,"s":[{"i":[[1.07,0],[0,1.08],[-1.08,0],[0,-1.08]],"o":[[-1.08,0],[0,-1.08],[1.07,0],[0,1.08]],"v":[[0.001,1.951],[-1.949,0.001],[0.001,-1.949],[1.951,0.001]],"c":true}]},{"i":{"x":0.667,"y":1},"o":{"x":0.333,"y":0},"t":44,"s":[{"i":[[1.07,0],[0,1.08],[-1.08,0],[0,-1.08]],"o":[[-1.08,0],[0,-1.08],[1.07,0],[0,1.08]],"v":[[0.001,1.951],[-1.949,0.001],[0.001,-1.949],[1.951,0.001]],"c":true}]},{"i":{"x":0.667,"y":1},"o":{"x":0.333,"y":0},"t":49,"s":[{"i":[[1.07,0],[0.557,0.925],[-1.08,0],[0.878,-1.399]],"o":[[-1.08,0],[-0.578,-0.961],[1.07,0],[-0.786,0.741]],"v":[[0.153,0.952],[-2.572,1.063],[0.058,-0.716],[2.781,1.147]],"c":true}]},{"i":{"x":0.667,"y":1},"o":{"x":0.333,"y":0},"t":59,"s":[{"i":[[1.07,0],[0.557,0.925],[-1.08,0],[0.878,-1.399]],"o":[[-1.08,0],[-0.578,-0.961],[1.07,0],[-0.786,0.741]],"v":[[0.153,0.952],[-2.572,1.063],[0.058,-0.716],[2.781,1.147]],"c":true}]},{"t":64,"s":[{"i":[[1.07,0],[0,1.08],[-1.08,0],[0,-1.08]],"o":[[-1.08,0],[0,-1.08],[1.07,0],[0,1.08]],"v":[[0.001,1.951],[-1.949,0.001],[0.001,-1.949],[1.951,0.001]],"c":true}]}],"ix":2},"nm":"Path 1","mn":"ADBE Vector Shape - Group","hd":false},{"ty":"fl","c":{"a":0,"k":[0.17492300272,0.183140993118,0.179031997919,1],"ix":4},"o":{"a":0,"k":100,"ix":5},"r":1,"bm":0,"nm":"Fill 1","mn":"ADBE Vector Graphic - Fill","hd":false},{"ty":"tr","p":{"a":0,"k":[0,0],"ix":2},"a":{"a":0,"k":[0,0],"ix":1},"s":{"a":0,"k":[301.025,300],"ix":3},"r":{"a":0,"k":0,"ix":6},"o":{"a":0,"k":100,"ix":7},"sk":{"a":0,"k":0,"ix":4},"sa":{"a":0,"k":0,"ix":5},"nm":"Transform"}],"nm":"Fill 7","np":2,"cix":2,"bm":0,"ix":1,"mn":"ADBE Vector Group","hd":false}],"ip":0,"op":181,"st":0,"bm":0},{"ddd":0,"ind":5,"ty":4,"nm":"Fill 5","parent":2,"sr":1,"ks":{"o":{"a":0,"k":100,"ix":11},"r":{"a":0,"k":0,"ix":10},"p":{"a":0,"k":[-15.233,-13.119,0],"ix":2},"a":{"a":0,"k":[0,0,0],"ix":1},"s":{"a":0,"k":[100,100,100],"ix":6}},"ao":0,"shapes":[{"ty":"gr","it":[{"ind":0,"ty":"sh","ix":1,"ks":{"a":1,"k":[{"i":{"x":0.667,"y":1},"o":{"x":0.333,"y":0},"t":0,"s":[{"i":[[0,0],[1.07,0],[0,1.08],[-1.08,0],[0,-1.08]],"o":[[0,1.08],[-1.08,0],[0,-1.08],[1.07,0],[0,0]],"v":[[1.951,0.001],[0.001,1.951],[-1.949,0.001],[0.001,-1.949],[1.951,0.001]],"c":false}]},{"i":{"x":0.667,"y":1},"o":{"x":0.333,"y":0},"t":6,"s":[{"i":[[0,0],[1.07,0],[0,1.08],[-1.08,0],[0,-1.08]],"o":[[0,1.08],[-1.08,0],[0,-1.08],[1.07,0],[0,0]],"v":[[1.951,0.001],[-0.041,1.366],[-1.949,0.001],[-0.017,-1.376],[1.951,0.001]],"c":false}]},{"t":13,"s":[{"i":[[0,0],[1.07,0],[0,1.08],[-1.08,0],[0,-1.08]],"o":[[0,1.08],[-1.08,0],[0,-1.08],[1.07,0],[0,0]],"v":[[1.951,0.001],[0.001,1.951],[-1.949,0.001],[0.001,-1.949],[1.951,0.001]],"c":false}]}],"ix":2},"nm":"Path 1","mn":"ADBE Vector Shape - Group","hd":false},{"ty":"fl","c":{"a":0,"k":[0.17492300272,0.183140993118,0.179031997919,1],"ix":4},"o":{"a":0,"k":100,"ix":5},"r":1,"bm":0,"nm":"Fill 1","mn":"ADBE Vector Graphic - Fill","hd":false},{"ty":"tr","p":{"a":0,"k":[0,0],"ix":2},"a":{"a":0,"k":[0,0],"ix":1},"s":{"a":0,"k":[300,300],"ix":3},"r":{"a":0,"k":0,"ix":6},"o":{"a":0,"k":100,"ix":7},"sk":{"a":0,"k":0,"ix":4},"sa":{"a":0,"k":0,"ix":5},"nm":"Transform"}],"nm":"Fill 5","np":2,"cix":2,"bm":0,"ix":1,"mn":"ADBE Vector Group","hd":false}],"ip":0,"op":181,"st":0,"bm":0},{"ddd":0,"ind":6,"ty":4,"nm":"Stroke 3","parent":1,"sr":1,"ks":{"o":{"a":0,"k":100,"ix":11},"r":{"a":0,"k":0,"ix":10},"p":{"a":0,"k":[0,0,0],"ix":2},"a":{"a":0,"k":[0,0,0],"ix":1},"s":{"a":0,"k":[100,100,100],"ix":6}},"ao":0,"shapes":[{"ty":"gr","it":[{"ind":0,"ty":"sh","ix":1,"ks":{"a":1,"k":[{"i":{"x":0.667,"y":1},"o":{"x":0.333,"y":0},"t":0,"s":[{"i":[[0,-11.04],[11.04,0],[0,11.04],[-11.04,0]],"o":[[0,11.04],[-11.04,0],[0,-11.04],[11.04,0]],"v":[[20,0],[0,20],[-20,0],[0,-20]],"c":true}]},{"i":{"x":0.667,"y":1},"o":{"x":0.333,"y":0},"t":13,"s":[{"i":[[0,-11.04],[11.04,0],[0,11.04],[-9.878,-0.095]],"o":[[0,11.04],[-11.04,0],[0,-11.04],[11.039,0.107]],"v":[[18.615,0.009],[0,20],[-19.307,-0.005],[0,-20]],"c":true}]},{"i":{"x":0.833,"y":1},"o":{"x":0.333,"y":0},"t":21,"s":[{"i":[[0,-11.04],[11.04,0],[0,11.04],[-11.04,0]],"o":[[0,11.04],[-11.04,0],[0,-11.04],[11.04,0]],"v":[[21.594,1.823],[0,20],[-20.819,2.172],[-0.069,-17.833]],"c":true}]},{"i":{"x":0.667,"y":1},"o":{"x":0.333,"y":0},"t":30,"s":[{"i":[[0,-11.04],[11.04,0],[0,11.04],[-11.04,0]],"o":[[0,11.04],[-11.04,0],[0,-11.04],[11.04,0]],"v":[[19.169,0.005],[0,20],[-19.169,-0.005],[-0.011,-21.667]],"c":true}]},{"i":{"x":0.667,"y":1},"o":{"x":0.333,"y":0},"t":35,"s":[{"i":[[1.907,-10.165],[7.895,-0.029],[2.281,10.802],[-17.03,0.132]],"o":[[-2.036,10.851],[-7.234,0.027],[-2.226,-10.542],[17.38,-0.135]],"v":[[21.45,5.157],[0,20],[-20.963,5.506],[-0.112,-20.833]],"c":true}]},{"i":{"x":0.667,"y":1},"o":{"x":0.333,"y":0},"t":40,"s":[{"i":[[-0.097,-9.651],[14.044,-0.068],[0.934,11],[-12.709,-0.051]],"o":[[0.111,11.039],[-12.054,0.059],[-0.91,-10.717],[13.724,0.055]],"v":[[21.394,-1.676],[0,20],[-21.019,-1.327],[-0.112,-20.833]],"c":true}]},{"t":46,"s":[{"i":[[0,-11.04],[11.04,0],[0,11.04],[-11.04,0]],"o":[[0,11.04],[-11.04,0],[0,-11.04],[11.04,0]],"v":[[20,0],[0,20],[-20,0],[0,-20]],"c":true}]}],"ix":2},"nm":"Path 1","mn":"ADBE Vector Shape - Group","hd":false},{"ty":"fl","c":{"a":1,"k":[{"i":{"x":[0.667],"y":[1]},"o":{"x":[0.333],"y":[0]},"t":0,"s":[0.996078014374,0.831372976303,0.301961004734,1]},{"i":{"x":[0.667],"y":[1]},"o":{"x":[0.333],"y":[0]},"t":13,"s":[0.986841320992,0.847454488277,0.399422824383,1]},{"t":21,"s":[0.996078014374,0.831372976303,0.301961004734,1]}],"ix":4},"o":{"a":0,"k":100,"ix":5},"r":1,"bm":0,"nm":"Fill 1","mn":"ADBE Vector Graphic - Fill","hd":false},{"ty":"tr","p":{"a":0,"k":[0.15,0.062],"ix":2},"a":{"a":0,"k":[0,0],"ix":1},"s":{"a":0,"k":[300.784,300],"ix":3},"r":{"a":0,"k":0.374,"ix":6},"o":{"a":0,"k":100,"ix":7},"sk":{"a":0,"k":0,"ix":4},"sa":{"a":0,"k":0,"ix":5},"nm":"Transform"}],"nm":"Stroke 3","np":2,"cix":2,"bm":0,"ix":1,"mn":"ADBE Vector Group","hd":false}],"ip":0,"op":181,"st":0,"bm":0}],"markers":[]}