{"v":"5.7.4","fr":30,"ip":0,"op":133,"w":1080,"h":1080,"nm":"NO RESULTS","ddd":0,"assets":[{"id":"comp_0","layers":[{"ddd":0,"ind":2,"ty":1,"nm":"Black Solid 1","td":1,"sr":1,"ks":{"o":{"a":0,"k":100,"ix":11},"r":{"a":0,"k":0,"ix":10},"p":{"a":0,"k":[532,532,0],"ix":2,"l":2},"a":{"a":0,"k":[540,540,0],"ix":1,"l":2},"s":{"a":0,"k":[102.358,102.358,100],"ix":6,"l":2}},"ao":0,"hasMask":true,"masksProperties":[{"inv":true,"mode":"a","pt":{"a":0,"k":{"i":[[218.836,0],[0,-218.836],[-218.836,0],[0,218.836]],"o":[[-218.836,0],[0,218.836],[218.836,0],[0,-218.836]],"v":[[508.035,21.094],[-6.328,512.253],[531.238,929.585],[927.476,533.347]],"c":true},"ix":1},"o":{"a":0,"k":100,"ix":3},"x":{"a":0,"k":0,"ix":4},"nm":"Mask 2"}],"sw":1080,"sh":1080,"sc":"#000000","ip":0,"op":360,"st":0,"bm":0},{"ddd":0,"ind":3,"ty":4,"nm":"NO results search Outlines","tt":2,"sr":1,"ks":{"o":{"a":0,"k":100,"ix":11},"r":{"a":0,"k":0,"ix":10},"p":{"a":0,"k":[540,540,0],"ix":2,"l":2},"a":{"a":0,"k":[115,115,0],"ix":1,"l":2},"s":{"a":0,"k":[413,413,100],"ix":6,"l":2}},"ao":0,"shapes":[{"ty":"gr","it":[{"ty":"gr","it":[{"ind":0,"ty":"sh","ix":1,"ks":{"a":0,"k":{"i":[[0,0],[0,0]],"o":[[0,0],[0,0]],"v":[[13.312,13.312],[-13.312,-13.311]],"c":false},"ix":2},"nm":"Path 1","mn":"ADBE Vector Shape - Group","hd":false},{"ty":"st","c":{"a":0,"k":[1,0.999998922909,1,1],"ix":3},"o":{"a":0,"k":100,"ix":4},"w":{"a":0,"k":1.502,"ix":5},"lc":2,"lj":1,"ml":10,"bm":0,"nm":"Stroke 1","mn":"ADBE Vector Graphic - Stroke","hd":false},{"ty":"tr","p":{"a":0,"k":[121.781,108.476],"ix":2},"a":{"a":0,"k":[0,0],"ix":1},"s":{"a":0,"k":[100,100],"ix":3},"r":{"a":0,"k":0,"ix":6},"o":{"a":0,"k":100,"ix":7},"sk":{"a":0,"k":0,"ix":4},"sa":{"a":0,"k":0,"ix":5},"nm":"Transform"}],"nm":"Group 1","np":2,"cix":2,"bm":0,"ix":1,"mn":"ADBE Vector Group","hd":false},{"ty":"gr","it":[{"ind":0,"ty":"sh","ix":1,"ks":{"a":0,"k":{"i":[[0,0],[0,0]],"o":[[0,0],[0,0]],"v":[[13.312,13.312],[-13.312,-13.312]],"c":false},"ix":2},"nm":"Path 1","mn":"ADBE Vector Shape - Group","hd":false},{"ty":"st","c":{"a":0,"k":[1,0.999998922909,1,1],"ix":3},"o":{"a":0,"k":100,"ix":4},"w":{"a":0,"k":3.005,"ix":5},"lc":2,"lj":1,"ml":10,"bm":0,"nm":"Stroke 1","mn":"ADBE Vector Graphic - Stroke","hd":false},{"ty":"tr","p":{"a":0,"k":[111.692,111.278],"ix":2},"a":{"a":0,"k":[0,0],"ix":1},"s":{"a":0,"k":[100,100],"ix":3},"r":{"a":0,"k":0,"ix":6},"o":{"a":0,"k":100,"ix":7},"sk":{"a":0,"k":0,"ix":4},"sa":{"a":0,"k":0,"ix":5},"nm":"Transform"}],"nm":"Group 2","np":2,"cix":2,"bm":0,"ix":2,"mn":"ADBE Vector Group","hd":false},{"ty":"gr","it":[{"ind":0,"ty":"sh","ix":1,"ks":{"a":0,"k":{"i":[[0,0],[0,0]],"o":[[0,0],[0,0]],"v":[[13.312,13.312],[-13.312,-13.312]],"c":false},"ix":2},"nm":"Path 1","mn":"ADBE Vector Shape - Group","hd":false},{"ty":"st","c":{"a":0,"k":[1,0.999998922909,1,1],"ix":3},"o":{"a":0,"k":100,"ix":4},"w":{"a":0,"k":1.502,"ix":5},"lc":2,"lj":1,"ml":10,"bm":0,"nm":"Stroke 1","mn":"ADBE Vector Graphic - Stroke","hd":false},{"ty":"tr","p":{"a":0,"k":[110.011,123.048],"ix":2},"a":{"a":0,"k":[0,0],"ix":1},"s":{"a":0,"k":[100,100],"ix":3},"r":{"a":0,"k":0,"ix":6},"o":{"a":0,"k":100,"ix":7},"sk":{"a":0,"k":0,"ix":4},"sa":{"a":0,"k":0,"ix":5},"nm":"Transform"}],"nm":"Group 3","np":2,"cix":2,"bm":0,"ix":3,"mn":"ADBE Vector Group","hd":false},{"ty":"gr","it":[{"ind":0,"ty":"sh","ix":1,"ks":{"a":0,"k":{"i":[[2.762,-3.735],[0,0],[3.81,2.981],[0,0],[-1.549,2.085],[0,0],[-2.119,-1.667],[0,0]],"o":[[0,0],[-2.876,3.891],[0,0],[-2.047,-1.601],[0,0],[1.608,-2.163],[0,0],[3.651,2.873]],"v":[[34.09,20.62],[31.937,23.533],[19.732,25.194],[-25.032,-9.818],[-25.926,-16.445],[-19.121,-25.602],[-12.317,-26.508],[32.494,8.759]],"c":true},"ix":2},"nm":"Path 1","mn":"ADBE Vector Shape - Group","hd":false},{"ty":"fl","c":{"a":0,"k":[0.914744059245,0.919219013289,0.934382001091,1],"ix":4},"o":{"a":0,"k":100,"ix":5},"r":1,"bm":0,"nm":"Fill 1","mn":"ADBE Vector Graphic - Fill","hd":false},{"ty":"tr","p":{"a":0,"k":[202.525,185.3],"ix":2},"a":{"a":0,"k":[0,0],"ix":1},"s":{"a":0,"k":[100,100],"ix":3},"r":{"a":0,"k":0,"ix":6},"o":{"a":0,"k":100,"ix":7},"sk":{"a":0,"k":0,"ix":4},"sa":{"a":0,"k":0,"ix":5},"nm":"Transform"}],"nm":"Group 4","np":4,"cix":2,"bm":0,"ix":4,"mn":"ADBE Vector Group","hd":false},{"ty":"gr","it":[{"ind":0,"ty":"sh","ix":1,"ks":{"a":0,"k":{"i":[[0,0],[0,0],[0,0],[0,0]],"o":[[0,0],[0,0],[0,0],[0,0]],"v":[[24.783,11.438],[17.3,21.111],[-24.783,-11.437],[-17.301,-21.111]],"c":true},"ix":2},"nm":"Path 1","mn":"ADBE Vector Shape - Group","hd":false},{"ty":"fl","c":{"a":0,"k":[0.333210754395,0.345653429218,0.35006462546,1],"ix":4},"o":{"a":0,"k":100,"ix":5},"r":1,"bm":0,"nm":"Fill 1","mn":"ADBE Vector Graphic - Fill","hd":false},{"ty":"tr","p":{"a":0,"k":[170.854,157.363],"ix":2},"a":{"a":0,"k":[0,0],"ix":1},"s":{"a":0,"k":[100,100],"ix":3},"r":{"a":0,"k":0,"ix":6},"o":{"a":0,"k":100,"ix":7},"sk":{"a":0,"k":0,"ix":4},"sa":{"a":0,"k":0,"ix":5},"nm":"Transform"}],"nm":"Group 5","np":4,"cix":2,"bm":0,"ix":5,"mn":"ADBE Vector Group","hd":false},{"ty":"gr","it":[{"ind":0,"ty":"sh","ix":1,"ks":{"a":0,"k":{"i":[[-8.978,-18.858],[18.859,-8.976],[8.977,18.858],[-18.858,8.977]],"o":[[8.977,18.858],[-18.858,8.978],[-8.977,-18.858],[18.858,-8.977]],"v":[[34.146,-16.254],[16.254,34.145],[-34.146,16.254],[-16.254,-34.146]],"c":true},"ix":2},"nm":"Path 1","mn":"ADBE Vector Shape - Group","hd":false},{"ty":"fl","c":{"a":0,"k":[0.961744660022,0.964452586455,0.967481605679,1],"ix":4},"o":{"a":0,"k":100,"ix":5},"r":1,"bm":0,"nm":"Fill 2","mn":"ADBE Vector Graphic - Fill","hd":false},{"ty":"fl","c":{"a":0,"k":[0.914744059245,0.919219013289,0.934382001091,1],"ix":4},"o":{"a":0,"k":100,"ix":5},"r":1,"bm":0,"nm":"Fill 1","mn":"ADBE Vector Graphic - Fill","hd":false},{"ty":"tr","p":{"a":0,"k":[115.582,115.947],"ix":2},"a":{"a":0,"k":[0,0],"ix":1},"s":{"a":0,"k":[100,100],"ix":3},"r":{"a":0,"k":0,"ix":6},"o":{"a":0,"k":100,"ix":7},"sk":{"a":0,"k":0,"ix":4},"sa":{"a":0,"k":0,"ix":5},"nm":"Transform"}],"nm":"Group 6","np":5,"cix":2,"bm":0,"ix":6,"mn":"ADBE Vector Group","hd":false},{"ty":"gr","it":[{"ind":0,"ty":"sh","ix":1,"ks":{"a":0,"k":{"i":[[-9.68,-20.335],[20.335,-9.68],[9.68,20.334],[-20.334,9.679]],"o":[[9.68,20.335],[-20.334,9.679],[-9.679,-20.335],[20.335,-9.68]],"v":[[36.819,-17.527],[17.527,36.82],[-36.82,17.528],[-17.527,-36.818]],"c":true},"ix":2},"nm":"Path 1","mn":"ADBE Vector Shape - Group","hd":false},{"ty":"fl","c":{"a":0,"k":[0.290288887772,0.294311643114,0.298794076957,1],"ix":4},"o":{"a":0,"k":100,"ix":5},"r":1,"bm":0,"nm":"Fill 1","mn":"ADBE Vector Graphic - Fill","hd":false},{"ty":"tr","p":{"a":0,"k":[115.583,115.947],"ix":2},"a":{"a":0,"k":[0,0],"ix":1},"s":{"a":0,"k":[100,100],"ix":3},"r":{"a":0,"k":0,"ix":6},"o":{"a":0,"k":100,"ix":7},"sk":{"a":0,"k":0,"ix":4},"sa":{"a":0,"k":0,"ix":5},"nm":"Transform"}],"nm":"Group 7","np":4,"cix":2,"bm":0,"ix":7,"mn":"ADBE Vector Group","hd":false},{"ty":"gr","it":[{"ind":0,"ty":"sh","ix":1,"ks":{"a":0,"k":{"i":[[-14.298,-30.037],[30.037,-14.298],[14.297,30.036],[-30.037,14.298]],"o":[[14.299,30.037],[-30.037,14.298],[-14.299,-30.037],[30.037,-14.298]],"v":[[54.386,-25.89],[25.889,54.387],[-54.386,25.889],[-25.889,-54.387]],"c":true},"ix":2},"nm":"Path 1","mn":"ADBE Vector Shape - Group","hd":false},{"ty":"fl","c":{"a":0,"k":[0.333210754395,0.345653429218,0.35006462546,1],"ix":4},"o":{"a":0,"k":100,"ix":5},"r":1,"bm":0,"nm":"Fill 1","mn":"ADBE Vector Graphic - Fill","hd":false},{"ty":"tr","p":{"a":0,"k":[115.583,115.948],"ix":2},"a":{"a":0,"k":[0,0],"ix":1},"s":{"a":0,"k":[100,100],"ix":3},"r":{"a":0,"k":0,"ix":6},"o":{"a":0,"k":100,"ix":7},"sk":{"a":0,"k":0,"ix":4},"sa":{"a":0,"k":0,"ix":5},"nm":"Transform"}],"nm":"Group 8","np":4,"cix":2,"bm":0,"ix":8,"mn":"ADBE Vector Group","hd":false},{"ty":"tr","p":{"a":1,"k":[{"i":{"x":0.667,"y":1},"o":{"x":0.333,"y":0},"t":0,"s":[234.818,216.117],"to":[-24.044,-21.316],"ti":[24.044,21.316]},{"i":{"x":0.667,"y":0.667},"o":{"x":0.333,"y":0.333},"t":23,"s":[90.553,88.224],"to":[0,0],"ti":[0,0]},{"i":{"x":0.667,"y":1},"o":{"x":0.167,"y":0},"t":115,"s":[90.553,88.224],"to":[24.044,21.316],"ti":[-24.044,-21.316]},{"t":132,"s":[234.818,216.117]}],"ix":2},"a":{"a":0,"k":[119.149,115],"ix":1},"s":{"a":1,"k":[{"i":{"x":[0.667,0.667],"y":[1,1]},"o":{"x":[0.333,0.333],"y":[0,0]},"t":0,"s":[81,81]},{"i":{"x":[0.833,0.833],"y":[1,1]},"o":{"x":[0.333,0.333],"y":[0,0]},"t":23,"s":[118,118]},{"i":{"x":[0.667,0.667],"y":[1,1]},"o":{"x":[0.167,0.167],"y":[0,0]},"t":27,"s":[110,110]},{"i":{"x":[0.667,0.667],"y":[1,1]},"o":{"x":[0.167,0.167],"y":[0,0]},"t":45,"s":[118,118]},{"i":{"x":[0.833,0.833],"y":[1,1]},"o":{"x":[0.167,0.167],"y":[0,0]},"t":94,"s":[118,118]},{"i":{"x":[0.667,0.667],"y":[1,1]},"o":{"x":[0.167,0.167],"y":[0,0]},"t":111,"s":[110,110]},{"i":{"x":[0.667,0.667],"y":[1,1]},"o":{"x":[0.167,0.167],"y":[0,0]},"t":115,"s":[118,118]},{"t":132,"s":[81,81]}],"ix":3},"r":{"a":0,"k":0,"ix":6},"o":{"a":0,"k":100,"ix":7},"sk":{"a":0,"k":0,"ix":4},"sa":{"a":0,"k":0,"ix":5},"nm":"Transform"}],"nm":"Group 10","np":8,"cix":2,"bm":0,"ix":1,"mn":"ADBE Vector Group","hd":false},{"ty":"gr","it":[{"ind":0,"ty":"sh","ix":1,"ks":{"a":0,"k":{"i":[[0,-51.915],[51.915,0],[0,51.915],[-51.915,0]],"o":[[0,51.915],[-51.915,0],[0,-51.915],[51.915,0]],"v":[[94,0],[0,94],[-94,0],[0,-94]],"c":true},"ix":2},"nm":"Path 1","mn":"ADBE Vector Shape - Group","hd":false},{"ty":"fl","c":{"a":0,"k":[0.962078737745,0.964452107747,0.970444802677,1],"ix":4},"o":{"a":0,"k":100,"ix":5},"r":1,"bm":0,"nm":"Fill 1","mn":"ADBE Vector Graphic - Fill","hd":false},{"ty":"tr","p":{"a":0,"k":[115,115],"ix":2},"a":{"a":0,"k":[0,0],"ix":1},"s":{"a":0,"k":[100,100],"ix":3},"r":{"a":0,"k":0,"ix":6},"o":{"a":0,"k":100,"ix":7},"sk":{"a":0,"k":0,"ix":4},"sa":{"a":0,"k":0,"ix":5},"nm":"Transform"}],"nm":"Group 9","np":4,"cix":2,"bm":0,"ix":2,"mn":"ADBE Vector Group","hd":false}],"ip":0,"op":133,"st":0,"bm":0}]}],"fonts":{"list":[{"fName":"Roboto-Medium","fFamily":"Roboto","fStyle":"Medium","ascent":75}]},"layers":[{"ddd":0,"ind":1,"ty":5,"nm":"No results","sr":1,"ks":{"o":{"a":0,"k":100,"ix":11},"r":{"a":0,"k":0,"ix":10},"p":{"a":0,"k":[538.809,977,0],"ix":2,"l":2},"a":{"a":0,"k":[0,0,0],"ix":1,"l":2},"s":{"a":0,"k":[100,100,100],"ix":6,"l":2}},"ao":0,"t":{"d":{"k":[{"s":{"sz":[806,158],"ps":[-403,-79],"s":80,"f":"Roboto-Medium","t":"No results","j":2,"tr":0,"lh":96,"ls":0,"fc":[0.298,0.329,0.349]},"t":0}]},"p":{},"m":{"g":1,"a":{"a":0,"k":[0,0],"ix":2}},"a":[]},"ip":0,"op":133,"st":0,"bm":0},{"ddd":0,"ind":2,"ty":0,"nm":"EMPTY FORMS","refId":"comp_0","sr":1,"ks":{"o":{"a":0,"k":100,"ix":11},"r":{"a":0,"k":0,"ix":10},"p":{"a":0,"k":[540,460,0],"ix":2,"l":2},"a":{"a":0,"k":[540,540,0],"ix":1,"l":2},"s":{"a":0,"k":[100,100,100],"ix":6,"l":2}},"ao":0,"w":1080,"h":1080,"ip":0,"op":133,"st":0,"bm":0}],"markers":[],"chars":[{"ch":"N","size":80,"style":"Medium","w":71,"data":{"shapes":[{"ty":"gr","it":[{"ind":0,"ty":"sh","ix":1,"ks":{"a":0,"k":{"i":[[0,0],[0,0],[0,0],[0,0],[0,0],[0,0],[0,0],[0,0],[0,0],[0,0]],"o":[[0,0],[0,0],[0,0],[0,0],[0,0],[0,0],[0,0],[0,0],[0,0],[0,0]],"v":[[63.623,-71.094],[51.367,-71.094],[51.367,-20.459],[19.58,-71.094],[7.227,-71.094],[7.227,0],[19.58,0],[19.58,-50.439],[51.27,0],[63.623,0]],"c":true},"ix":2},"nm":"N","mn":"ADBE Vector Shape - Group","hd":false}],"nm":"N","np":3,"cix":2,"bm":0,"ix":1,"mn":"ADBE Vector Group","hd":false}]},"fFamily":"Roboto"},{"ch":"o","size":80,"style":"Medium","w":56.93,"data":{"shapes":[{"ty":"gr","it":[{"ind":0,"ty":"sh","ix":1,"ks":{"a":0,"k":{"i":[[0,0],[-4.476,-4.964],[-7.455,0],[-3.728,2.246],[-2.002,4.102],[0,5.209],[0,0],[4.443,4.59],[7.129,0],[3.711,-2.229],[2.051,-4.15],[0,-5.176]],"o":[[0,8.269],[4.475,4.964],[4.883,0],[3.727,-2.246],[2.002,-4.102],[0,0],[-0.359,-7.584],[-4.443,-4.59],[-4.818,0],[-3.711,2.23],[-2.051,4.15],[0,0]],"v":[[3.857,-26.318],[10.571,-6.47],[28.467,0.977],[41.382,-2.393],[49.976,-11.914],[52.979,-25.879],[52.93,-28.662],[45.728,-46.924],[28.369,-53.809],[15.576,-50.464],[6.934,-40.894],[3.857,-26.904]],"c":true},"ix":2},"nm":"o","mn":"ADBE Vector Shape - Group","hd":false},{"ind":1,"ty":"sh","ix":2,"ks":{"a":0,"k":{"i":[[-2.279,3.076],[-3.874,0],[-2.295,-3.125],[0,-5.338],[2.229,-3.125],[4.004,0],[2.246,3.076],[0,5.437]],"o":[[2.278,-3.076],[3.938,0],[2.295,3.125],[0,6.023],[-2.23,3.125],[-4.004,0],[-2.246,-3.076],[0,-6.12]],"v":[[19.141,-39.673],[28.369,-44.287],[37.72,-39.6],[41.162,-26.904],[37.817,-13.184],[28.467,-8.496],[19.092,-13.11],[15.723,-25.879]],"c":true},"ix":2},"nm":"o","mn":"ADBE Vector Shape - Group","hd":false}],"nm":"o","np":5,"cix":2,"bm":0,"ix":1,"mn":"ADBE Vector Group","hd":false}]},"fFamily":"Roboto"},{"ch":" ","size":80,"style":"Medium","w":24.9,"data":{},"fFamily":"Roboto"},{"ch":"r","size":80,"style":"Medium","w":35.16,"data":{"shapes":[{"ty":"gr","it":[{"ind":0,"ty":"sh","ix":1,"ks":{"a":0,"k":{"i":[[0,0],[1.692,0],[2.864,-4.59],[0,0],[0,0],[0,0],[0,0],[0,0],[-5.437,0],[-1.562,-0.26]],"o":[[-1.107,-0.455],[-5.078,0],[0,0],[0,0],[0,0],[0,0],[0,0],[1.888,-4.166],[1.66,0],[0,0]],"v":[[33.789,-53.125],[29.59,-53.809],[17.676,-46.924],[17.383,-52.832],[6.055,-52.832],[6.055,0],[17.92,0],[17.92,-36.133],[28.906,-42.383],[33.74,-41.992]],"c":true},"ix":2},"nm":"r","mn":"ADBE Vector Shape - Group","hd":false}],"nm":"r","np":3,"cix":2,"bm":0,"ix":1,"mn":"ADBE Vector Group","hd":false}]},"fFamily":"Roboto"},{"ch":"e","size":80,"style":"Medium","w":53.66,"data":{"shapes":[{"ty":"gr","it":[{"ind":0,"ty":"sh","ix":1,"ks":{"a":0,"k":{"i":[[-3.532,1.741],[-2.116,3.158],[0,0],[5.436,0],[2.555,2.539],[0.358,4.362],[0,0],[0,0],[3.922,4.59],[7.194,0],[3.678,-2.311],[2.034,-4.15],[0,-5.273],[0,0],[-4.671,-4.736],[-7.52,0]],"o":[[3.532,-1.741],[0,0],[-3.418,4.395],[-3.874,0],[-2.556,-2.539],[0,0],[0,0],[0,-8.398],[-3.923,-4.59],[-4.525,0],[-3.679,2.312],[-2.035,4.15],[0,0],[0,7.878],[4.671,4.736],[4.395,0]],"v":[[41.235,-1.636],[49.707,-8.984],[43.311,-15.088],[30.029,-8.496],[20.386,-12.305],[16.016,-22.656],[50.537,-22.656],[50.537,-27.441],[44.653,-46.924],[27.979,-53.809],[15.674,-50.342],[7.104,-40.649],[4.053,-26.514],[4.053,-25.049],[11.06,-6.128],[29.346,0.977]],"c":true},"ix":2},"nm":"e","mn":"ADBE Vector Shape - Group","hd":false},{"ind":1,"ty":"sh","ix":2,"ks":{"a":0,"k":{"i":[[-1.855,-2.034],[-0.261,-3.971],[0,0],[0,0],[-2.002,2.279],[-3.255,0]],"o":[[1.855,2.035],[0,0],[0,0],[0.553,-4.069],[2.002,-2.278],[3.288,0]],"v":[[35.645,-41.235],[38.818,-32.227],[38.818,-31.348],[16.211,-31.348],[20.044,-40.869],[27.93,-44.287]],"c":true},"ix":2},"nm":"e","mn":"ADBE Vector Shape - Group","hd":false}],"nm":"e","np":5,"cix":2,"bm":0,"ix":1,"mn":"ADBE Vector Group","hd":false}]},"fFamily":"Roboto"},{"ch":"s","size":80,"style":"Medium","w":51.61,"data":{"shapes":[{"ty":"gr","it":[{"ind":0,"ty":"sh","ix":1,"ks":{"a":0,"k":{"i":[[1.627,-1.188],[3.125,0],[1.953,1.514],[0.163,2.8],[0,0],[-1.888,-2.734],[-3.386,-1.562],[-4.33,0],[-3.939,2.946],[0,4.753],[1.286,1.986],[2.653,1.416],[4.655,1.025],[1.53,1.009],[0,1.823],[-1.644,1.205],[-2.605,0],[-1.693,-1.514],[0,-2.278],[0,0],[3.889,3.125],[6.315,0],[3.841,-3.059],[0,-4.557],[-5.925,-2.864],[-4.037,-0.846],[-1.742,-1.106],[0,-2.116]],"o":[[-1.628,1.189],[-3.223,0],[-1.953,-1.514],[0,0],[0,3.158],[1.888,2.734],[3.385,1.562],[6.38,0],[3.938,-2.946],[0,-2.832],[-1.286,-1.985],[-2.654,-1.416],[-4.655,-1.025],[-1.53,-1.009],[0,-2.018],[1.643,-1.204],[2.799,0],[1.692,1.514],[0,0],[0,-4.98],[-3.89,-3.125],[-5.925,0],[-3.841,3.06],[0,5.437],[2.702,1.302],[4.036,0.847],[1.741,1.107],[0,1.921]],"v":[[33.252,-9.692],[26.123,-7.91],[18.359,-10.181],[15.186,-16.65],[3.662,-16.65],[6.494,-7.812],[14.404,-1.367],[25.977,0.977],[41.455,-3.442],[47.363,-14.99],[45.435,-22.217],[39.526,-27.319],[28.564,-30.981],[19.287,-34.033],[16.992,-38.281],[19.458,-43.115],[25.83,-44.922],[32.568,-42.651],[35.107,-36.963],[46.973,-36.963],[41.138,-49.121],[25.83,-53.809],[11.182,-49.219],[5.42,-37.793],[14.307,-25.342],[24.414,-22.119],[33.081,-19.189],[35.693,-14.355]],"c":true},"ix":2},"nm":"s","mn":"ADBE Vector Shape - Group","hd":false}],"nm":"s","np":3,"cix":2,"bm":0,"ix":1,"mn":"ADBE Vector Group","hd":false}]},"fFamily":"Roboto"},{"ch":"u","size":80,"style":"Medium","w":55.57,"data":{"shapes":[{"ty":"gr","it":[{"ind":0,"ty":"sh","ix":1,"ks":{"a":0,"k":{"i":[[0,0],[0,0],[0,0],[0,0],[0,0],[5.762,0],[0,6.706],[0,0],[0,0],[0,0],[-2.946,-3.352],[-5.73,0],[-3.484,4.102]],"o":[[0,0],[0,0],[0,0],[0,0],[-2.019,4.134],[-5.566,0],[0,0],[0,0],[0,0],[0,6.348],[2.946,3.353],[6.413,0],[0,0]],"v":[[38.379,0],[49.561,0],[49.561,-52.832],[37.695,-52.832],[37.695,-14.893],[26.025,-8.691],[17.676,-18.75],[17.676,-52.832],[5.811,-52.832],[5.811,-18.604],[10.229,-4.053],[23.242,0.977],[38.086,-5.176]],"c":true},"ix":2},"nm":"u","mn":"ADBE Vector Shape - Group","hd":false}],"nm":"u","np":3,"cix":2,"bm":0,"ix":1,"mn":"ADBE Vector Group","hd":false}]},"fFamily":"Roboto"},{"ch":"l","size":80,"style":"Medium","w":25.54,"data":{"shapes":[{"ty":"gr","it":[{"ind":0,"ty":"sh","ix":1,"ks":{"a":0,"k":{"i":[[0,0],[0,0],[0,0],[0,0]],"o":[[0,0],[0,0],[0,0],[0,0]],"v":[[18.701,-75],[6.836,-75],[6.836,0],[18.701,0]],"c":true},"ix":2},"nm":"l","mn":"ADBE Vector Shape - Group","hd":false}],"nm":"l","np":3,"cix":2,"bm":0,"ix":1,"mn":"ADBE Vector Group","hd":false}]},"fFamily":"Roboto"},{"ch":"t","size":80,"style":"Medium","w":33.25,"data":{"shapes":[{"ty":"gr","it":[{"ind":0,"ty":"sh","ix":1,"ks":{"a":0,"k":{"i":[[0,0],[0,0],[0,0],[0,0],[0,0],[0,0],[-9.115,0],[-2.702,0.748],[0,0],[1.367,0],[0.797,0.896],[0,2.019],[0,0],[0,0],[0,0],[0,0],[0,0]],"o":[[0,0],[0,0],[0,0],[0,0],[0,0],[0,10.059],[2.506,0],[0,0],[-1.4,0.326],[-2.051,0],[-0.798,-0.895],[0,0],[0,0],[0,0],[0,0],[0,0],[0,0]],"v":[[9.082,-65.674],[9.082,-52.832],[0.391,-52.832],[0.391,-44.043],[9.082,-44.043],[9.082,-14.111],[22.754,0.977],[30.566,-0.146],[30.566,-9.326],[26.416,-8.838],[22.144,-10.181],[20.947,-14.551],[20.947,-44.043],[30.273,-44.043],[30.273,-52.832],[20.947,-52.832],[20.947,-65.674]],"c":true},"ix":2},"nm":"t","mn":"ADBE Vector Shape - Group","hd":false}],"nm":"t","np":3,"cix":2,"bm":0,"ix":1,"mn":"ADBE Vector Group","hd":false}]},"fFamily":"Roboto"}]}